CREATE DATABASE  IF NOT EXISTS `petshop` /*!40100 DEFAULT CHARACTER SET utf8mb4 COLLATE utf8mb4_0900_ai_ci */ /*!80016 DEFAULT ENCRYPTION='N' */;
USE `petshop`;
-- MySQL dump 10.13  Distrib 8.0.34, for Win64 (x86_64)
--
-- Host: localhost    Database: petshop
-- ------------------------------------------------------
-- Server version	8.0.34

/*!40101 SET @OLD_CHARACTER_SET_CLIENT=@@CHARACTER_SET_CLIENT */;
/*!40101 SET @OLD_CHARACTER_SET_RESULTS=@@CHARACTER_SET_RESULTS */;
/*!40101 SET @OLD_COLLATION_CONNECTION=@@COLLATION_CONNECTION */;
/*!50503 SET NAMES utf8 */;
/*!40103 SET @OLD_TIME_ZONE=@@TIME_ZONE */;
/*!40103 SET TIME_ZONE='+00:00' */;
/*!40014 SET @OLD_UNIQUE_CHECKS=@@UNIQUE_CHECKS, UNIQUE_CHECKS=0 */;
/*!40014 SET @OLD_FOREIGN_KEY_CHECKS=@@FOREIGN_KEY_CHECKS, FOREIGN_KEY_CHECKS=0 */;
/*!40101 SET @OLD_SQL_MODE=@@SQL_MODE, SQL_MODE='NO_AUTO_VALUE_ON_ZERO' */;
/*!40111 SET @OLD_SQL_NOTES=@@SQL_NOTES, SQL_NOTES=0 */;

--
-- Table structure for table `basket`
--

DROP TABLE IF EXISTS `basket`;
/*!40101 SET @saved_cs_client     = @@character_set_client */;
/*!50503 SET character_set_client = utf8mb4 */;
CREATE TABLE `basket` (
  `basket_id` int NOT NULL AUTO_INCREMENT,
  `user_id` varchar(40) NOT NULL,
  `menu_id` int NOT NULL,
  `count` int NOT NULL DEFAULT '1',
  `total_price` int NOT NULL DEFAULT '0',
  PRIMARY KEY (`basket_id`)
) ENGINE=InnoDB AUTO_INCREMENT=76 DEFAULT CHARSET=utf8mb4 COLLATE=utf8mb4_0900_ai_ci;
/*!40101 SET character_set_client = @saved_cs_client */;

--
-- Dumping data for table `basket`
--

LOCK TABLES `basket` WRITE;
/*!40000 ALTER TABLE `basket` DISABLE KEYS */;
INSERT INTO `basket` VALUES (67,'root1',115,1,6500),(71,'root',111,1,5500),(73,'root',29,1,13500),(74,'root',16,1,6900),(75,'root',70,1,7500);
/*!40000 ALTER TABLE `basket` ENABLE KEYS */;
UNLOCK TABLES;

--
-- Table structure for table `client`
--

DROP TABLE IF EXISTS `client`;
/*!40101 SET @saved_cs_client     = @@character_set_client */;
/*!50503 SET character_set_client = utf8mb4 */;
CREATE TABLE `client` (
  `user_id` varchar(40) NOT NULL,
  `user_pw` varchar(100) NOT NULL,
  `user_pw_confirm_number` int NOT NULL,
  `user_pw_confirm_answer` varchar(200) NOT NULL,
  `user_name` varchar(50) NOT NULL,
  `user_address_zone_code` varchar(30) NOT NULL,
  `user_address_basic` varchar(100) DEFAULT NULL,
  `user_address_detail` varchar(100) DEFAULT NULL,
  `user_phone` varchar(30) NOT NULL,
  `user_email` varchar(50) NOT NULL,
  `user_gender` varchar(10) DEFAULT NULL,
  `user_birth` datetime DEFAULT NULL,
  `user_pet_info` varchar(200) DEFAULT NULL,
  `available_mileage` int NOT NULL DEFAULT '0',
  PRIMARY KEY (`user_id`)
) ENGINE=InnoDB DEFAULT CHARSET=utf8mb4 COLLATE=utf8mb4_0900_ai_ci;
/*!40101 SET character_set_client = @saved_cs_client */;

--
-- Dumping data for table `client`
--

LOCK TABLES `client` WRITE;
/*!40000 ALTER TABLE `client` DISABLE KEYS */;
INSERT INTO `client` VALUES ('root','$2b$08$d1jI1Bk4qdg.VpzvdD3gZuhhrLY7Y8lkdUrqxCS/5vL52We/yxukK',5,'얼굴','민병준','','',NULL,'12341234','root@naver.com','male','1996-09-11 00:00:00','초롱이 19살',570),('root1','$2b$08$RJHO9ZMYGMhdkHRT393QAu3Lz6Sk5b3Cvz6.m.uM1Zy5BI.MV/FLK',2,'zz','민병준','10085','경기 김포시 김포한강1로 9 (장기동, 고창마을 반도유보라)','906-1204','63898753','mbj001@naver.com','male','1996-09-11 00:00:00','초롱이 19살 남자 개귀여움',1170);
/*!40000 ALTER TABLE `client` ENABLE KEYS */;
UNLOCK TABLES;

--
-- Table structure for table `menu`
--

DROP TABLE IF EXISTS `menu`;
/*!40101 SET @saved_cs_client     = @@character_set_client */;
/*!50503 SET character_set_client = utf8mb4 */;
CREATE TABLE `menu` (
  `menu_id` int NOT NULL AUTO_INCREMENT,
  `division` varchar(50) NOT NULL,
  `name` varchar(100) NOT NULL,
  `price` int NOT NULL,
  `accumulate_mileage` int NOT NULL,
  `total_sale` int NOT NULL DEFAULT '0',
  `image` varchar(100) DEFAULT NULL,
  `likey` int NOT NULL DEFAULT '0',
  PRIMARY KEY (`menu_id`)
) ENGINE=InnoDB AUTO_INCREMENT=120 DEFAULT CHARSET=utf8mb4 COLLATE=utf8mb4_0900_ai_ci;
/*!40101 SET character_set_client = @saved_cs_client */;

--
-- Dumping data for table `menu`
--

LOCK TABLES `menu` WRITE;
/*!40000 ALTER TABLE `menu` DISABLE KEYS */;
INSERT INTO `menu` VALUES (1,'gum','오리목뼈 150g',6000,120,1,'menu01.jpg',10),(2,'gum','오리갈비껌 8p',9500,190,8,'menu02.jpg',14),(3,'gum','오독오독 닭발 껌 100g',5500,110,10,'menu03.jpg',0),(4,'gum','돼지귀 오리말이 80g',7500,150,14,'menu04.jpg',0),(5,'gum','소아킬레스 껌 80g (소힘줄)',12000,240,0,'menu05.jpg',0),(6,'cookie','소고기 빼빼로 4p',5900,118,16,'menu06.jpg',0),(7,'cookie','단호박 소간칩쿠키 70g',5500,110,0,'menu07.gif',52),(8,'cookie','롤리팝 쿠키 50g',4800,96,41,'menu08.jpg',0),(9,'cookie','닭고기 뼈다귀쿠키 70g',4900,98,6,'menu09.jpg',0),(10,'cookie','고구마 치즈스틱 70g',5500,110,0,'menu10.gif',0),(11,'feed','고구마 야채 연어사료 200g',4800,96,3,'menu11.jpg',0),(12,'feed','고구마 야채 연어사료 1kg/2kg/5kg',22000,440,113,'menu12.jpg',15),(13,'feed','필드게인 닭고기 200g',4000,80,0,'menu13.jpg',0),(14,'feed','필드게인 닭고기사료 1kg/3kg/5kg',18000,360,0,'menu14.jpg',0),(15,'feed','필드게인 오리고기 200g',4000,80,0,'menu15.jpg',0),(16,'snack','연어고구마 아채쳐키 100g',6900,138,12,'menu16.jpg',0),(17,'snack','북어채(황태) 50g',6800,136,1,'menu17.jpg',0),(18,'snack','콜라겐 무뼈닭발 50g',6500,130,11,'menu18.jpg',0),(19,'snack','제주 말고기육포 50g',6500,130,0,'menu19.jpg',0),(20,'snack','오리가슴살 쳐키 100g',9500,190,0,'menu20.jpg',0),(21,'softfood','닭고기 테린 3p',4500,90,0,'menu21.jpg',0),(22,'softfood','삼색 닭고기 테린 3p',4900,98,2,'menu22.jpg',0),(23,'softfood','오리고기 테린 3p',5900,118,11,'menu23.jpg',0),(24,'softfood','연어북어 테린 3p',5900,118,1,'menu24.jpg',34),(25,'softfood','소고기 테린 3p',5900,118,0,'menu25.jpg',0),(26,'bakery','강아지 생일 케이크 상차림 패키지',29900,598,0,'menu26.jpg',0),(27,'bakery','강아지 생일 보틀 케이크 (화이트)',13500,270,2,'menu27.jpg',0),(28,'bakery','강아지 생일 보틀 케이크 (옐로우)',13500,270,34,'menu28.jpg',0),(29,'bakery','강아지 생일 보틀케이크 (핑크)',13500,270,8,'menu29.jpg',0),(30,'bakery','오리구이 연어 치즈케이크 미니',12000,240,0,'menu30.jpg',0),(31,'feed','필드게인 오리고기사료 1kg/3kg/5kg',18000,360,0,'menu31.jpg',0),(32,'feed','필드게인 양고기 200g',4000,80,0,'menu32.jpg',0),(33,'feed','필드게인 양고기사료 1kg/3kg/5kg',18000,360,0,'menu33.jpg',0),(34,'feed','필드게인 소고기 200g',4000,80,0,'menu34.jpg',0),(35,'feed','필드게인 소고기사료 1kg/3kg/5kg',18000,360,0,'menu35.jpg',0),(36,'feed','필드게인 라이트 200g',4000,80,0,'menu36.jpg',0),(37,'feed','필드게인 라이트사료 1kg/3kg/5kg',18000,360,0,'menu37.jpg',0),(38,'feed','고구마 야채 연어사료 200g(스틱형)',4800,96,0,'menu38.jpg',0),(39,'feed','필드게인 야채 연어사료 1kg/3kg/5kg (스틱형)',22000,440,0,'menu39.jpg',11),(40,'feed','필드게인 닭고기 200g (스틱형)',4000,80,0,'menu40.jpg',0),(41,'feed','필드게인 닭고기사료 1kg/3kg/5kg (스틱형)',18000,360,0,'menu41.jpg',0),(42,'feed','필드게인 오리고기 200g (스틱형)',4000,80,0,'menu42.jpg',0),(43,'feed','필드게인 오리고기사료 1kg/3kg/5kg (스틱형)',18000,360,0,'menu43.jpg',0),(44,'feed','필드게인 양고기사료 200g (스틱형)',4500,90,0,'menu44.jpg',0),(45,'feed','필드게인 양고기사료 1kg/3kg/5kg (스틱형)',18000,360,0,'menu45.jpg',0),(46,'feed','필드게인 소고기 200g (스틱형)',4000,80,0,'menu46.jpg',53),(47,'feed','필드게인 소고기사료 1kg/3kg/5kg (스틱형)',18000,360,0,'menu47.jpg',0),(48,'feed','필드게인 라이트 200g (스틱형)',4000,80,0,'menu48.jpg',0),(49,'feed','필드게인 라이트사료 1kg/3kg/5kg (스틱형)',18000,360,0,'menu49.jpg',0),(50,'snack','사사미 쳐키 100g/200g',6500,130,76,'menu50.jpg',0),(51,'snack','닭모래집(근위) 쳐키 80g',6500,130,0,'menu51.jpg',0),(52,'snack','소식도근 육포 50g',7500,150,0,'menu52.jpg',0),(53,'snack','오리 고구마치즈칩 50g',6900,138,0,'menu53.jpg',0),(54,'snack','소고기 고구마치즈칩 50g',7900,158,0,'menu54.jpg',0),(55,'snack','고구마 닭가슴살말이 100g',5900,118,0,'menu55.jpg',0),(56,'snack','고구마 오리말이 100g',6900,138,0,'menu56.jpg',65),(57,'snack','고구마 냠냠 100g',5500,110,0,'menu57.jpg',0),(58,'snack','단호박 닭가슴살 말이 100g',6900,138,0,'menu58.jpg',0),(59,'snack','쫄깃 닭가슴살 100g',6500,130,0,'menu59.jpg',0),(60,'snack','쫄깃 오리가슴살 100g',8500,170,0,'menu60.jpg',0),(61,'snack','말랑 포크쳐키 100g',5900,118,0,'menu61.jpg',0),(62,'snack','콜라겐 무뼈닭발 50g',6500,130,0,'menu62.jpg',0),(63,'gum','닭갈비 껌 10p',9500,190,0,'menu63.gif',0),(64,'gum','오리연골 50g',5500,110,0,'menu64.jpg',0),(65,'gum','닭고기 오돌뼈(연골) 40g',4900,98,0,'menu65.jpg',0),(66,'gum','돼지귀 슬라이스 80g',5900,118,1,'menu66.jpg',0),(67,'gum','왕 돼지 껌 2p / 5p',4000,80,0,'menu67.jpg',0),(68,'gum','오리날개 6p',5000,100,0,'menu68.jpg',0),(69,'gum','송아지목뼈 100g',6900,138,0,'menu69.jpg',0),(70,'gum','캥거루꼬리 100g',7500,150,0,'menu70.jpg',0),(71,'gum','우족 2p / 미니우족 4p',5500,110,0,'menu71.jpg',0),(72,'gum','소떡심 껌 80g',6800,136,0,'menu73.jpg',0),(73,'gum','삼각 돼지귀 80g',4900,98,12,'menu74.jpg',0),(74,'snack','한우우피 봉봉(소) 50g( 4p )',5900,118,0,'menu75.jpg',0),(75,'softfood','부드러운 닭가슴살구이 100g',4900,98,0,'menu76.gif',0),(76,'softfoof','오리가슴살 구이 100g',6900,138,0,'menu77.jpg',13),(77,'softfood','닭모래집 구이 100g',5900,118,0,'menu78.jpg',0),(78,'softfood','소고기 육포 50g',7500,150,0,'menu79.jpg',0),(79,'softfood','소염통 구이 100g',6500,130,0,'menu80.jpg',0),(80,'softfood','쫀득 연어큐브 50g',6000,120,0,'menu81.jpg',0),(81,'softfood','북어고구마 야채스틱 50g',7500,150,0,'menu82.jpg',0),(82,'softfood','동결건조 닭가슴살 50g',6900,138,0,'menu83.jpg',0),(83,'softfood','동결건조 오리가슴살 50g',9500,190,0,'menu84.jpg',0),(84,'cookie','연어 당근 쿠키 50g',4800,96,0,'menu85.jpg',0),(85,'cookie','칼슘듬뿍 멸치쿠키 50g',4800,96,0,'menu86.jpg',0),(86,'cookie','소간 미니 쿠키 50g',4800,96,1,'menu87.jpg',0),(87,'cookie','산양유 오트밀쿠키 50g',4800,96,0,'menu88.jpg',0),(88,'cookie','캐롭 코코넛쿠키 50g',4800,96,0,'menu89.jpg',0),(89,'bakery','오리구이 연어 치즈케이크 1호',15900,318,332,'menu90.jpg',0),(90,'bakery','닭고기 단호박케이크',13500,270,0,'menu91.jpg',0),(91,'bakery','오리야채 고구마크림 케이크',25900,518,0,'menu92.jpg',0),(92,'bakery','강아지 멜팅 도넛 2p',6900,138,0,'menu93.jpg',0),(93,'bakery','연어 소세지빵 3p',5900,118,0,'menu94.jpg',0),(94,'bakery','소고기 댕버거',5900,118,0,'menu95.jpg',0),(95,'bakery','강아지 치킨',6500,130,0,'menu96.jpg',44),(96,'bakery','강아지 치즈붕어빵 3p',5500,110,0,'menu97.jpg',0),(97,'deco','숫자양초(0~9)',800,16,0,'menu98.jpg',0),(98,'deco','빨간하트초',800,16,0,'menu99.jpg',0),(99,'deco','핑크하트초 1p',800,16,0,'menu100.jpg',0),(100,'deco','미니 핑크하트초 1p (색상랜덤)',600,12,0,'menu101.jpg',0),(101,'deco','데이지초 1p',800,16,0,'menu102.jpg',0),(102,'deco','미니 스마일초 1p (색상랜덤)',600,12,0,'menu103.jpg',0),(103,'deco','스마일초 1p',800,16,0,'menu104.jpg',0),(104,'deco','강아지 생일파티 미니 고깔모지 1p',6000,120,0,'menu105.jpg',0),(105,'deco','별 고깔모자(핑크/블루)',1800,36,0,'menu106.jpg',0),(106,'deco','데이지 가랜드',3000,60,0,'menu107.jpg',0),(107,'deco','캘리그래피 가랜드',4000,80,0,'menu108.jpg',0),(108,'powder','닭고기 파우더 50g',4500,90,0,'menu109.jpg',0),(109,'powder','오리고기 파우더 50g',6500,130,1,'menu110.jpg',0),(110,'powder','북어 파우더 50g',7500,150,2,'menu111.jpg',0),(111,'powder','칼숨멸치 파우더 50g',5500,110,8,'menu112.jpg',0),(112,'powder','소간 파우더 100g',5500,110,6,'menu113.jpg',0),(113,'powder','동결건조 닭가슴살 파우더 50g',6500,130,0,'menu114.jpg',0),(114,'powder','동결건조 오리가슴살 파우더 50g',8500,170,0,'menu115.jpg',0),(115,'powder','연어파우더 50g',6500,130,0,'menu116.jpg',0),(116,'powder','소지라(철분) 파우더 50g',4000,80,0,'menu117.jpg',0),(117,'premium','[강아지유산균]이너펫 프로바이오틱스 30포',25900,518,1,'menu118.jpg',0);
/*!40000 ALTER TABLE `menu` ENABLE KEYS */;
UNLOCK TABLES;

--
-- Table structure for table `menu_detail`
--

DROP TABLE IF EXISTS `menu_detail`;
/*!40101 SET @saved_cs_client     = @@character_set_client */;
/*!50503 SET character_set_client = utf8mb4 */;
CREATE TABLE `menu_detail` (
  `menu_detail_id` int NOT NULL AUTO_INCREMENT,
  `menu_id` int NOT NULL,
  `image_num` int NOT NULL,
  `detail_image` varchar(50) NOT NULL,
  PRIMARY KEY (`menu_detail_id`)
) ENGINE=InnoDB AUTO_INCREMENT=1054 DEFAULT CHARSET=utf8mb4 COLLATE=utf8mb4_0900_ai_ci;
/*!40101 SET character_set_client = @saved_cs_client */;

--
-- Dumping data for table `menu_detail`
--

LOCK TABLES `menu_detail` WRITE;
/*!40000 ALTER TABLE `menu_detail` DISABLE KEYS */;
INSERT INTO `menu_detail` VALUES (1,1,1,'menu_detail001.jpg'),(2,1,2,'menu_detail002.jpg'),(3,1,3,'menu_detail003.jpg'),(4,1,4,'menu_detail004.jpg'),(5,1,5,'menu_detail005.jpg'),(6,1,6,'menu_detail006.jpg'),(7,1,7,'menu_detail007.jpg'),(8,1,8,'menu_detail008.jpg'),(9,1,9,'menu_detail009.jpg'),(10,2,1,'menu_detail001.jpg'),(11,2,2,'menu_detail002.jpg'),(12,2,3,'menu_detail003.jpg'),(13,2,4,'menu_detail004.jpg'),(14,2,5,'menu_detail005.jpg'),(15,2,6,'menu_detail006.jpg'),(16,2,7,'menu_detail007.jpg'),(17,2,8,'menu_detail008.jpg'),(18,2,9,'menu_detail009.jpg'),(19,3,1,'menu_detail001.jpg'),(20,3,2,'menu_detail002.jpg'),(21,3,3,'menu_detail003.jpg'),(22,3,4,'menu_detail004.jpg'),(23,3,5,'menu_detail005.jpg'),(24,3,6,'menu_detail006.jpg'),(25,3,7,'menu_detail007.jpg'),(26,3,8,'menu_detail008.jpg'),(27,3,9,'menu_detail009.jpg'),(28,4,1,'menu_detail001.jpg'),(29,4,2,'menu_detail002.jpg'),(30,4,3,'menu_detail003.jpg'),(31,4,4,'menu_detail004.jpg'),(32,4,5,'menu_detail005.jpg'),(33,4,6,'menu_detail006.jpg'),(34,4,7,'menu_detail007.jpg'),(35,4,8,'menu_detail008.jpg'),(36,4,9,'menu_detail009.jpg'),(37,5,1,'menu_detail001.jpg'),(38,5,2,'menu_detail002.jpg'),(39,5,3,'menu_detail003.jpg'),(40,5,4,'menu_detail004.jpg'),(41,5,5,'menu_detail005.jpg'),(42,5,6,'menu_detail006.jpg'),(43,5,7,'menu_detail007.jpg'),(44,5,8,'menu_detail008.jpg'),(45,5,9,'menu_detail009.jpg'),(46,6,1,'menu_detail001.jpg'),(47,6,2,'menu_detail002.jpg'),(48,6,3,'menu_detail003.jpg'),(49,6,4,'menu_detail004.jpg'),(50,6,5,'menu_detail005.jpg'),(51,6,6,'menu_detail006.jpg'),(52,6,7,'menu_detail007.jpg'),(53,6,8,'menu_detail008.jpg'),(54,6,9,'menu_detail009.jpg'),(55,7,1,'menu_detail001.jpg'),(56,7,2,'menu_detail002.jpg'),(57,7,3,'menu_detail003.jpg'),(58,7,4,'menu_detail004.jpg'),(59,7,5,'menu_detail005.jpg'),(60,7,6,'menu_detail006.jpg'),(61,7,7,'menu_detail007.jpg'),(62,7,8,'menu_detail008.jpg'),(63,7,9,'menu_detail009.jpg'),(64,8,1,'menu_detail001.jpg'),(65,8,2,'menu_detail002.jpg'),(66,8,3,'menu_detail003.jpg'),(67,8,4,'menu_detail004.jpg'),(68,8,5,'menu_detail005.jpg'),(69,8,6,'menu_detail006.jpg'),(70,8,7,'menu_detail007.jpg'),(71,8,8,'menu_detail008.jpg'),(72,8,9,'menu_detail009.jpg'),(73,9,1,'menu_detail001.jpg'),(74,9,2,'menu_detail002.jpg'),(75,9,3,'menu_detail003.jpg'),(76,9,4,'menu_detail004.jpg'),(77,9,5,'menu_detail005.jpg'),(78,9,6,'menu_detail006.jpg'),(79,9,7,'menu_detail007.jpg'),(80,9,8,'menu_detail008.jpg'),(81,9,9,'menu_detail009.jpg'),(82,10,1,'menu_detail001.jpg'),(83,10,2,'menu_detail002.jpg'),(84,10,3,'menu_detail003.jpg'),(85,10,4,'menu_detail004.jpg'),(86,10,5,'menu_detail005.jpg'),(87,10,6,'menu_detail006.jpg'),(88,10,7,'menu_detail007.jpg'),(89,10,8,'menu_detail008.jpg'),(90,10,9,'menu_detail009.jpg'),(91,11,1,'menu_detail001.jpg'),(92,11,2,'menu_detail002.jpg'),(93,11,3,'menu_detail003.jpg'),(94,11,4,'menu_detail004.jpg'),(95,11,5,'menu_detail005.jpg'),(96,11,6,'menu_detail006.jpg'),(97,11,7,'menu_detail007.jpg'),(98,11,8,'menu_detail008.jpg'),(99,11,9,'menu_detail009.jpg'),(100,12,1,'menu_detail001.jpg'),(101,12,2,'menu_detail002.jpg'),(102,12,3,'menu_detail003.jpg'),(103,12,4,'menu_detail004.jpg'),(104,12,5,'menu_detail005.jpg'),(105,12,6,'menu_detail006.jpg'),(106,12,7,'menu_detail007.jpg'),(107,12,8,'menu_detail008.jpg'),(108,12,9,'menu_detail009.jpg'),(109,13,1,'menu_detail001.jpg'),(110,13,2,'menu_detail002.jpg'),(111,13,3,'menu_detail003.jpg'),(112,13,4,'menu_detail004.jpg'),(113,13,5,'menu_detail005.jpg'),(114,13,6,'menu_detail006.jpg'),(115,13,7,'menu_detail007.jpg'),(116,13,8,'menu_detail008.jpg'),(117,13,9,'menu_detail009.jpg'),(118,14,1,'menu_detail001.jpg'),(119,14,2,'menu_detail002.jpg'),(120,14,3,'menu_detail003.jpg'),(121,14,4,'menu_detail004.jpg'),(122,14,5,'menu_detail005.jpg'),(123,14,6,'menu_detail006.jpg'),(124,14,7,'menu_detail007.jpg'),(125,14,8,'menu_detail008.jpg'),(126,14,9,'menu_detail009.jpg'),(127,15,1,'menu_detail001.jpg'),(128,15,2,'menu_detail002.jpg'),(129,15,3,'menu_detail003.jpg'),(130,15,4,'menu_detail004.jpg'),(131,15,5,'menu_detail005.jpg'),(132,15,6,'menu_detail006.jpg'),(133,15,7,'menu_detail007.jpg'),(134,15,8,'menu_detail008.jpg'),(135,15,9,'menu_detail009.jpg'),(136,16,1,'menu_detail001.jpg'),(137,16,2,'menu_detail002.jpg'),(138,16,3,'menu_detail003.jpg'),(139,16,4,'menu_detail004.jpg'),(140,16,5,'menu_detail005.jpg'),(141,16,6,'menu_detail006.jpg'),(142,16,7,'menu_detail007.jpg'),(143,16,8,'menu_detail008.jpg'),(144,16,9,'menu_detail009.jpg'),(145,17,1,'menu_detail001.jpg'),(146,17,2,'menu_detail002.jpg'),(147,17,3,'menu_detail003.jpg'),(148,17,4,'menu_detail004.jpg'),(149,17,5,'menu_detail005.jpg'),(150,17,6,'menu_detail006.jpg'),(151,17,7,'menu_detail007.jpg'),(152,17,8,'menu_detail008.jpg'),(153,17,9,'menu_detail009.jpg'),(154,18,1,'menu_detail001.jpg'),(155,18,2,'menu_detail002.jpg'),(156,18,3,'menu_detail003.jpg'),(157,18,4,'menu_detail004.jpg'),(158,18,5,'menu_detail005.jpg'),(159,18,6,'menu_detail006.jpg'),(160,18,7,'menu_detail007.jpg'),(161,18,8,'menu_detail008.jpg'),(162,18,9,'menu_detail009.jpg'),(163,19,1,'menu_detail001.jpg'),(164,19,2,'menu_detail002.jpg'),(165,19,3,'menu_detail003.jpg'),(166,19,4,'menu_detail004.jpg'),(167,19,5,'menu_detail005.jpg'),(168,19,6,'menu_detail006.jpg'),(169,19,7,'menu_detail007.jpg'),(170,19,8,'menu_detail008.jpg'),(171,19,9,'menu_detail009.jpg'),(172,20,1,'menu_detail001.jpg'),(173,20,2,'menu_detail002.jpg'),(174,20,3,'menu_detail003.jpg'),(175,20,4,'menu_detail004.jpg'),(176,20,5,'menu_detail005.jpg'),(177,20,6,'menu_detail006.jpg'),(178,20,7,'menu_detail007.jpg'),(179,20,8,'menu_detail008.jpg'),(180,20,9,'menu_detail009.jpg'),(181,21,1,'menu_detail001.jpg'),(182,21,2,'menu_detail002.jpg'),(183,21,3,'menu_detail003.jpg'),(184,21,4,'menu_detail004.jpg'),(185,21,5,'menu_detail005.jpg'),(186,21,6,'menu_detail006.jpg'),(187,21,7,'menu_detail007.jpg'),(188,21,8,'menu_detail008.jpg'),(189,21,9,'menu_detail009.jpg'),(190,22,1,'menu_detail001.jpg'),(191,22,2,'menu_detail002.jpg'),(192,22,3,'menu_detail003.jpg'),(193,22,4,'menu_detail004.jpg'),(194,22,5,'menu_detail005.jpg'),(195,22,6,'menu_detail006.jpg'),(196,22,7,'menu_detail007.jpg'),(197,22,8,'menu_detail008.jpg'),(198,22,9,'menu_detail009.jpg'),(199,23,1,'menu_detail001.jpg'),(200,23,2,'menu_detail002.jpg'),(201,23,3,'menu_detail003.jpg'),(202,23,4,'menu_detail004.jpg'),(203,23,5,'menu_detail005.jpg'),(204,23,6,'menu_detail006.jpg'),(205,23,7,'menu_detail007.jpg'),(206,23,8,'menu_detail008.jpg'),(207,23,9,'menu_detail009.jpg'),(208,24,1,'menu_detail001.jpg'),(209,24,2,'menu_detail002.jpg'),(210,24,3,'menu_detail003.jpg'),(211,24,4,'menu_detail004.jpg'),(212,24,5,'menu_detail005.jpg'),(213,24,6,'menu_detail006.jpg'),(214,24,7,'menu_detail007.jpg'),(215,24,8,'menu_detail008.jpg'),(216,24,9,'menu_detail009.jpg'),(217,25,1,'menu_detail001.jpg'),(218,25,2,'menu_detail002.jpg'),(219,25,3,'menu_detail003.jpg'),(220,25,4,'menu_detail004.jpg'),(221,25,5,'menu_detail005.jpg'),(222,25,6,'menu_detail006.jpg'),(223,25,7,'menu_detail007.jpg'),(224,25,8,'menu_detail008.jpg'),(225,25,9,'menu_detail009.jpg'),(226,26,1,'menu_detail001.jpg'),(227,26,2,'menu_detail002.jpg'),(228,26,3,'menu_detail003.jpg'),(229,26,4,'menu_detail004.jpg'),(230,26,5,'menu_detail005.jpg'),(231,26,6,'menu_detail006.jpg'),(232,26,7,'menu_detail007.jpg'),(233,26,8,'menu_detail008.jpg'),(234,26,9,'menu_detail009.jpg'),(235,27,1,'menu_detail001.jpg'),(236,27,2,'menu_detail002.jpg'),(237,27,3,'menu_detail003.jpg'),(238,27,4,'menu_detail004.jpg'),(239,27,5,'menu_detail005.jpg'),(240,27,6,'menu_detail006.jpg'),(241,27,7,'menu_detail007.jpg'),(242,27,8,'menu_detail008.jpg'),(243,27,9,'menu_detail009.jpg'),(244,28,1,'menu_detail001.jpg'),(245,28,2,'menu_detail002.jpg'),(246,28,3,'menu_detail003.jpg'),(247,28,4,'menu_detail004.jpg'),(248,28,5,'menu_detail005.jpg'),(249,28,6,'menu_detail006.jpg'),(250,28,7,'menu_detail007.jpg'),(251,28,8,'menu_detail008.jpg'),(252,28,9,'menu_detail009.jpg'),(253,29,1,'menu_detail001.jpg'),(254,29,2,'menu_detail002.jpg'),(255,29,3,'menu_detail003.jpg'),(256,29,4,'menu_detail004.jpg'),(257,29,5,'menu_detail005.jpg'),(258,29,6,'menu_detail006.jpg'),(259,29,7,'menu_detail007.jpg'),(260,29,8,'menu_detail008.jpg'),(261,29,9,'menu_detail009.jpg'),(262,30,1,'menu_detail001.jpg'),(263,30,2,'menu_detail002.jpg'),(264,30,3,'menu_detail003.jpg'),(265,30,4,'menu_detail004.jpg'),(266,30,5,'menu_detail005.jpg'),(267,30,6,'menu_detail006.jpg'),(268,30,7,'menu_detail007.jpg'),(269,30,8,'menu_detail008.jpg'),(270,30,9,'menu_detail009.jpg'),(271,31,1,'menu_detail001.jpg'),(272,31,2,'menu_detail002.jpg'),(273,31,3,'menu_detail003.jpg'),(274,31,4,'menu_detail004.jpg'),(275,31,5,'menu_detail005.jpg'),(276,31,6,'menu_detail006.jpg'),(277,31,7,'menu_detail007.jpg'),(278,31,8,'menu_detail008.jpg'),(279,31,9,'menu_detail009.jpg'),(280,32,1,'menu_detail001.jpg'),(281,32,2,'menu_detail002.jpg'),(282,32,3,'menu_detail003.jpg'),(283,32,4,'menu_detail004.jpg'),(284,32,5,'menu_detail005.jpg'),(285,32,6,'menu_detail006.jpg'),(286,32,7,'menu_detail007.jpg'),(287,32,8,'menu_detail008.jpg'),(288,32,9,'menu_detail009.jpg'),(289,33,1,'menu_detail001.jpg'),(290,33,2,'menu_detail002.jpg'),(291,33,3,'menu_detail003.jpg'),(292,33,4,'menu_detail004.jpg'),(293,33,5,'menu_detail005.jpg'),(294,33,6,'menu_detail006.jpg'),(295,33,7,'menu_detail007.jpg'),(296,33,8,'menu_detail008.jpg'),(297,33,9,'menu_detail009.jpg'),(298,34,1,'menu_detail001.jpg'),(299,34,2,'menu_detail002.jpg'),(300,34,3,'menu_detail003.jpg'),(301,34,4,'menu_detail004.jpg'),(302,34,5,'menu_detail005.jpg'),(303,34,6,'menu_detail006.jpg'),(304,34,7,'menu_detail007.jpg'),(305,34,8,'menu_detail008.jpg'),(306,34,9,'menu_detail009.jpg'),(307,35,1,'menu_detail001.jpg'),(308,35,2,'menu_detail002.jpg'),(309,35,3,'menu_detail003.jpg'),(310,35,4,'menu_detail004.jpg'),(311,35,5,'menu_detail005.jpg'),(312,35,6,'menu_detail006.jpg'),(313,35,7,'menu_detail007.jpg'),(314,35,8,'menu_detail008.jpg'),(315,35,9,'menu_detail009.jpg'),(316,36,1,'menu_detail001.jpg'),(317,36,2,'menu_detail002.jpg'),(318,36,3,'menu_detail003.jpg'),(319,36,4,'menu_detail004.jpg'),(320,36,5,'menu_detail005.jpg'),(321,36,6,'menu_detail006.jpg'),(322,36,7,'menu_detail007.jpg'),(323,36,8,'menu_detail008.jpg'),(324,36,9,'menu_detail009.jpg'),(325,37,1,'menu_detail001.jpg'),(326,37,2,'menu_detail002.jpg'),(327,37,3,'menu_detail003.jpg'),(328,37,4,'menu_detail004.jpg'),(329,37,5,'menu_detail005.jpg'),(330,37,6,'menu_detail006.jpg'),(331,37,7,'menu_detail007.jpg'),(332,37,8,'menu_detail008.jpg'),(333,37,9,'menu_detail009.jpg'),(334,38,1,'menu_detail001.jpg'),(335,38,2,'menu_detail002.jpg'),(336,38,3,'menu_detail003.jpg'),(337,38,4,'menu_detail004.jpg'),(338,38,5,'menu_detail005.jpg'),(339,38,6,'menu_detail006.jpg'),(340,38,7,'menu_detail007.jpg'),(341,38,8,'menu_detail008.jpg'),(342,38,9,'menu_detail009.jpg'),(343,39,1,'menu_detail001.jpg'),(344,39,2,'menu_detail002.jpg'),(345,39,3,'menu_detail003.jpg'),(346,39,4,'menu_detail004.jpg'),(347,39,5,'menu_detail005.jpg'),(348,39,6,'menu_detail006.jpg'),(349,39,7,'menu_detail007.jpg'),(350,39,8,'menu_detail008.jpg'),(351,39,9,'menu_detail009.jpg'),(352,40,1,'menu_detail001.jpg'),(353,40,2,'menu_detail002.jpg'),(354,40,3,'menu_detail003.jpg'),(355,40,4,'menu_detail004.jpg'),(356,40,5,'menu_detail005.jpg'),(357,40,6,'menu_detail006.jpg'),(358,40,7,'menu_detail007.jpg'),(359,40,8,'menu_detail008.jpg'),(360,40,9,'menu_detail009.jpg'),(361,41,1,'menu_detail001.jpg'),(362,41,2,'menu_detail002.jpg'),(363,41,3,'menu_detail003.jpg'),(364,41,4,'menu_detail004.jpg'),(365,41,5,'menu_detail005.jpg'),(366,41,6,'menu_detail006.jpg'),(367,41,7,'menu_detail007.jpg'),(368,41,8,'menu_detail008.jpg'),(369,41,9,'menu_detail009.jpg'),(370,42,1,'menu_detail001.jpg'),(371,42,2,'menu_detail002.jpg'),(372,42,3,'menu_detail003.jpg'),(373,42,4,'menu_detail004.jpg'),(374,42,5,'menu_detail005.jpg'),(375,42,6,'menu_detail006.jpg'),(376,42,7,'menu_detail007.jpg'),(377,42,8,'menu_detail008.jpg'),(378,42,9,'menu_detail009.jpg'),(379,43,1,'menu_detail001.jpg'),(380,43,2,'menu_detail002.jpg'),(381,43,3,'menu_detail003.jpg'),(382,43,4,'menu_detail004.jpg'),(383,43,5,'menu_detail005.jpg'),(384,43,6,'menu_detail006.jpg'),(385,43,7,'menu_detail007.jpg'),(386,43,8,'menu_detail008.jpg'),(387,43,9,'menu_detail009.jpg'),(388,44,1,'menu_detail001.jpg'),(389,44,2,'menu_detail002.jpg'),(390,44,3,'menu_detail003.jpg'),(391,44,4,'menu_detail004.jpg'),(392,44,5,'menu_detail005.jpg'),(393,44,6,'menu_detail006.jpg'),(394,44,7,'menu_detail007.jpg'),(395,44,8,'menu_detail008.jpg'),(396,44,9,'menu_detail009.jpg'),(397,45,1,'menu_detail001.jpg'),(398,45,2,'menu_detail002.jpg'),(399,45,3,'menu_detail003.jpg'),(400,45,4,'menu_detail004.jpg'),(401,45,5,'menu_detail005.jpg'),(402,45,6,'menu_detail006.jpg'),(403,45,7,'menu_detail007.jpg'),(404,45,8,'menu_detail008.jpg'),(405,45,9,'menu_detail009.jpg'),(406,46,1,'menu_detail001.jpg'),(407,46,2,'menu_detail002.jpg'),(408,46,3,'menu_detail003.jpg'),(409,46,4,'menu_detail004.jpg'),(410,46,5,'menu_detail005.jpg'),(411,46,6,'menu_detail006.jpg'),(412,46,7,'menu_detail007.jpg'),(413,46,8,'menu_detail008.jpg'),(414,46,9,'menu_detail009.jpg'),(415,47,1,'menu_detail001.jpg'),(416,47,2,'menu_detail002.jpg'),(417,47,3,'menu_detail003.jpg'),(418,47,4,'menu_detail004.jpg'),(419,47,5,'menu_detail005.jpg'),(420,47,6,'menu_detail006.jpg'),(421,47,7,'menu_detail007.jpg'),(422,47,8,'menu_detail008.jpg'),(423,47,9,'menu_detail009.jpg'),(424,48,1,'menu_detail001.jpg'),(425,48,2,'menu_detail002.jpg'),(426,48,3,'menu_detail003.jpg'),(427,48,4,'menu_detail004.jpg'),(428,48,5,'menu_detail005.jpg'),(429,48,6,'menu_detail006.jpg'),(430,48,7,'menu_detail007.jpg'),(431,48,8,'menu_detail008.jpg'),(432,48,9,'menu_detail009.jpg'),(433,49,1,'menu_detail001.jpg'),(434,49,2,'menu_detail002.jpg'),(435,49,3,'menu_detail003.jpg'),(436,49,4,'menu_detail004.jpg'),(437,49,5,'menu_detail005.jpg'),(438,49,6,'menu_detail006.jpg'),(439,49,7,'menu_detail007.jpg'),(440,49,8,'menu_detail008.jpg'),(441,49,9,'menu_detail009.jpg'),(442,50,1,'menu_detail001.jpg'),(443,50,2,'menu_detail002.jpg'),(444,50,3,'menu_detail003.jpg'),(445,50,4,'menu_detail004.jpg'),(446,50,5,'menu_detail005.jpg'),(447,50,6,'menu_detail006.jpg'),(448,50,7,'menu_detail007.jpg'),(449,50,8,'menu_detail008.jpg'),(450,50,9,'menu_detail009.jpg'),(451,51,1,'menu_detail001.jpg'),(452,51,2,'menu_detail002.jpg'),(453,51,3,'menu_detail003.jpg'),(454,51,4,'menu_detail004.jpg'),(455,51,5,'menu_detail005.jpg'),(456,51,6,'menu_detail006.jpg'),(457,51,7,'menu_detail007.jpg'),(458,51,8,'menu_detail008.jpg'),(459,51,9,'menu_detail009.jpg'),(460,52,1,'menu_detail001.jpg'),(461,52,2,'menu_detail002.jpg'),(462,52,3,'menu_detail003.jpg'),(463,52,4,'menu_detail004.jpg'),(464,52,5,'menu_detail005.jpg'),(465,52,6,'menu_detail006.jpg'),(466,52,7,'menu_detail007.jpg'),(467,52,8,'menu_detail008.jpg'),(468,52,9,'menu_detail009.jpg'),(469,53,1,'menu_detail001.jpg'),(470,53,2,'menu_detail002.jpg'),(471,53,3,'menu_detail003.jpg'),(472,53,4,'menu_detail004.jpg'),(473,53,5,'menu_detail005.jpg'),(474,53,6,'menu_detail006.jpg'),(475,53,7,'menu_detail007.jpg'),(476,53,8,'menu_detail008.jpg'),(477,53,9,'menu_detail009.jpg'),(478,54,1,'menu_detail001.jpg'),(479,54,2,'menu_detail002.jpg'),(480,54,3,'menu_detail003.jpg'),(481,54,4,'menu_detail004.jpg'),(482,54,5,'menu_detail005.jpg'),(483,54,6,'menu_detail006.jpg'),(484,54,7,'menu_detail007.jpg'),(485,54,8,'menu_detail008.jpg'),(486,54,9,'menu_detail009.jpg'),(487,55,1,'menu_detail001.jpg'),(488,55,2,'menu_detail002.jpg'),(489,55,3,'menu_detail003.jpg'),(490,55,4,'menu_detail004.jpg'),(491,55,5,'menu_detail005.jpg'),(492,55,6,'menu_detail006.jpg'),(493,55,7,'menu_detail007.jpg'),(494,55,8,'menu_detail008.jpg'),(495,55,9,'menu_detail009.jpg'),(496,56,1,'menu_detail001.jpg'),(497,56,2,'menu_detail002.jpg'),(498,56,3,'menu_detail003.jpg'),(499,56,4,'menu_detail004.jpg'),(500,56,5,'menu_detail005.jpg'),(501,56,6,'menu_detail006.jpg'),(502,56,7,'menu_detail007.jpg'),(503,56,8,'menu_detail008.jpg'),(504,56,9,'menu_detail009.jpg'),(505,57,1,'menu_detail001.jpg'),(506,57,2,'menu_detail002.jpg'),(507,57,3,'menu_detail003.jpg'),(508,57,4,'menu_detail004.jpg'),(509,57,5,'menu_detail005.jpg'),(510,57,6,'menu_detail006.jpg'),(511,57,7,'menu_detail007.jpg'),(512,57,8,'menu_detail008.jpg'),(513,57,9,'menu_detail009.jpg'),(514,58,1,'menu_detail001.jpg'),(515,58,2,'menu_detail002.jpg'),(516,58,3,'menu_detail003.jpg'),(517,58,4,'menu_detail004.jpg'),(518,58,5,'menu_detail005.jpg'),(519,58,6,'menu_detail006.jpg'),(520,58,7,'menu_detail007.jpg'),(521,58,8,'menu_detail008.jpg'),(522,58,9,'menu_detail009.jpg'),(523,59,1,'menu_detail001.jpg'),(524,59,2,'menu_detail002.jpg'),(525,59,3,'menu_detail003.jpg'),(526,59,4,'menu_detail004.jpg'),(527,59,5,'menu_detail005.jpg'),(528,59,6,'menu_detail006.jpg'),(529,59,7,'menu_detail007.jpg'),(530,59,8,'menu_detail008.jpg'),(531,59,9,'menu_detail009.jpg'),(532,60,1,'menu_detail001.jpg'),(533,60,2,'menu_detail002.jpg'),(534,60,3,'menu_detail003.jpg'),(535,60,4,'menu_detail004.jpg'),(536,60,5,'menu_detail005.jpg'),(537,60,6,'menu_detail006.jpg'),(538,60,7,'menu_detail007.jpg'),(539,60,8,'menu_detail008.jpg'),(540,60,9,'menu_detail009.jpg'),(541,61,1,'menu_detail001.jpg'),(542,61,2,'menu_detail002.jpg'),(543,61,3,'menu_detail003.jpg'),(544,61,4,'menu_detail004.jpg'),(545,61,5,'menu_detail005.jpg'),(546,61,6,'menu_detail006.jpg'),(547,61,7,'menu_detail007.jpg'),(548,61,8,'menu_detail008.jpg'),(549,61,9,'menu_detail009.jpg'),(550,62,1,'menu_detail001.jpg'),(551,62,2,'menu_detail002.jpg'),(552,62,3,'menu_detail003.jpg'),(553,62,4,'menu_detail004.jpg'),(554,62,5,'menu_detail005.jpg'),(555,62,6,'menu_detail006.jpg'),(556,62,7,'menu_detail007.jpg'),(557,62,8,'menu_detail008.jpg'),(558,62,9,'menu_detail009.jpg'),(559,63,1,'menu_detail001.jpg'),(560,63,2,'menu_detail002.jpg'),(561,63,3,'menu_detail003.jpg'),(562,63,4,'menu_detail004.jpg'),(563,63,5,'menu_detail005.jpg'),(564,63,6,'menu_detail006.jpg'),(565,63,7,'menu_detail007.jpg'),(566,63,8,'menu_detail008.jpg'),(567,63,9,'menu_detail009.jpg'),(568,64,1,'menu_detail001.jpg'),(569,64,2,'menu_detail002.jpg'),(570,64,3,'menu_detail003.jpg'),(571,64,4,'menu_detail004.jpg'),(572,64,5,'menu_detail005.jpg'),(573,64,6,'menu_detail006.jpg'),(574,64,7,'menu_detail007.jpg'),(575,64,8,'menu_detail008.jpg'),(576,64,9,'menu_detail009.jpg'),(577,65,1,'menu_detail001.jpg'),(578,65,2,'menu_detail002.jpg'),(579,65,3,'menu_detail003.jpg'),(580,65,4,'menu_detail004.jpg'),(581,65,5,'menu_detail005.jpg'),(582,65,6,'menu_detail006.jpg'),(583,65,7,'menu_detail007.jpg'),(584,65,8,'menu_detail008.jpg'),(585,65,9,'menu_detail009.jpg'),(586,66,1,'menu_detail001.jpg'),(587,66,2,'menu_detail002.jpg'),(588,66,3,'menu_detail003.jpg'),(589,66,4,'menu_detail004.jpg'),(590,66,5,'menu_detail005.jpg'),(591,66,6,'menu_detail006.jpg'),(592,66,7,'menu_detail007.jpg'),(593,66,8,'menu_detail008.jpg'),(594,66,9,'menu_detail009.jpg'),(595,67,1,'menu_detail001.jpg'),(596,67,2,'menu_detail002.jpg'),(597,67,3,'menu_detail003.jpg'),(598,67,4,'menu_detail004.jpg'),(599,67,5,'menu_detail005.jpg'),(600,67,6,'menu_detail006.jpg'),(601,67,7,'menu_detail007.jpg'),(602,67,8,'menu_detail008.jpg'),(603,67,9,'menu_detail009.jpg'),(604,68,1,'menu_detail001.jpg'),(605,68,2,'menu_detail002.jpg'),(606,68,3,'menu_detail003.jpg'),(607,68,4,'menu_detail004.jpg'),(608,68,5,'menu_detail005.jpg'),(609,68,6,'menu_detail006.jpg'),(610,68,7,'menu_detail007.jpg'),(611,68,8,'menu_detail008.jpg'),(612,68,9,'menu_detail009.jpg'),(613,69,1,'menu_detail001.jpg'),(614,69,2,'menu_detail002.jpg'),(615,69,3,'menu_detail003.jpg'),(616,69,4,'menu_detail004.jpg'),(617,69,5,'menu_detail005.jpg'),(618,69,6,'menu_detail006.jpg'),(619,69,7,'menu_detail007.jpg'),(620,69,8,'menu_detail008.jpg'),(621,69,9,'menu_detail009.jpg'),(622,70,1,'menu_detail001.jpg'),(623,70,2,'menu_detail002.jpg'),(624,70,3,'menu_detail003.jpg'),(625,70,4,'menu_detail004.jpg'),(626,70,5,'menu_detail005.jpg'),(627,70,6,'menu_detail006.jpg'),(628,70,7,'menu_detail007.jpg'),(629,70,8,'menu_detail008.jpg'),(630,70,9,'menu_detail009.jpg'),(631,71,1,'menu_detail001.jpg'),(632,71,2,'menu_detail002.jpg'),(633,71,3,'menu_detail003.jpg'),(634,71,4,'menu_detail004.jpg'),(635,71,5,'menu_detail005.jpg'),(636,71,6,'menu_detail006.jpg'),(637,71,7,'menu_detail007.jpg'),(638,71,8,'menu_detail008.jpg'),(639,71,9,'menu_detail009.jpg'),(640,72,1,'menu_detail001.jpg'),(641,72,2,'menu_detail002.jpg'),(642,72,3,'menu_detail003.jpg'),(643,72,4,'menu_detail004.jpg'),(644,72,5,'menu_detail005.jpg'),(645,72,6,'menu_detail006.jpg'),(646,72,7,'menu_detail007.jpg'),(647,72,8,'menu_detail008.jpg'),(648,72,9,'menu_detail009.jpg'),(649,73,1,'menu_detail001.jpg'),(650,73,2,'menu_detail002.jpg'),(651,73,3,'menu_detail003.jpg'),(652,73,4,'menu_detail004.jpg'),(653,73,5,'menu_detail005.jpg'),(654,73,6,'menu_detail006.jpg'),(655,73,7,'menu_detail007.jpg'),(656,73,8,'menu_detail008.jpg'),(657,73,9,'menu_detail009.jpg'),(658,74,1,'menu_detail001.jpg'),(659,74,2,'menu_detail002.jpg'),(660,74,3,'menu_detail003.jpg'),(661,74,4,'menu_detail004.jpg'),(662,74,5,'menu_detail005.jpg'),(663,74,6,'menu_detail006.jpg'),(664,74,7,'menu_detail007.jpg'),(665,74,8,'menu_detail008.jpg'),(666,74,9,'menu_detail009.jpg'),(667,75,1,'menu_detail001.jpg'),(668,75,2,'menu_detail002.jpg'),(669,75,3,'menu_detail003.jpg'),(670,75,4,'menu_detail004.jpg'),(671,75,5,'menu_detail005.jpg'),(672,75,6,'menu_detail006.jpg'),(673,75,7,'menu_detail007.jpg'),(674,75,8,'menu_detail008.jpg'),(675,75,9,'menu_detail009.jpg'),(676,76,1,'menu_detail001.jpg'),(677,76,2,'menu_detail002.jpg'),(678,76,3,'menu_detail003.jpg'),(679,76,4,'menu_detail004.jpg'),(680,76,5,'menu_detail005.jpg'),(681,76,6,'menu_detail006.jpg'),(682,76,7,'menu_detail007.jpg'),(683,76,8,'menu_detail008.jpg'),(684,76,9,'menu_detail009.jpg'),(685,77,1,'menu_detail001.jpg'),(686,77,2,'menu_detail002.jpg'),(687,77,3,'menu_detail003.jpg'),(688,77,4,'menu_detail004.jpg'),(689,77,5,'menu_detail005.jpg'),(690,77,6,'menu_detail006.jpg'),(691,77,7,'menu_detail007.jpg'),(692,77,8,'menu_detail008.jpg'),(693,77,9,'menu_detail009.jpg'),(694,78,1,'menu_detail001.jpg'),(695,78,2,'menu_detail002.jpg'),(696,78,3,'menu_detail003.jpg'),(697,78,4,'menu_detail004.jpg'),(698,78,5,'menu_detail005.jpg'),(699,78,6,'menu_detail006.jpg'),(700,78,7,'menu_detail007.jpg'),(701,78,8,'menu_detail008.jpg'),(702,78,9,'menu_detail009.jpg'),(703,79,1,'menu_detail001.jpg'),(704,79,2,'menu_detail002.jpg'),(705,79,3,'menu_detail003.jpg'),(706,79,4,'menu_detail004.jpg'),(707,79,5,'menu_detail005.jpg'),(708,79,6,'menu_detail006.jpg'),(709,79,7,'menu_detail007.jpg'),(710,79,8,'menu_detail008.jpg'),(711,79,9,'menu_detail009.jpg'),(712,80,1,'menu_detail001.jpg'),(713,80,2,'menu_detail002.jpg'),(714,80,3,'menu_detail003.jpg'),(715,80,4,'menu_detail004.jpg'),(716,80,5,'menu_detail005.jpg'),(717,80,6,'menu_detail006.jpg'),(718,80,7,'menu_detail007.jpg'),(719,80,8,'menu_detail008.jpg'),(720,80,9,'menu_detail009.jpg'),(721,81,1,'menu_detail001.jpg'),(722,81,2,'menu_detail002.jpg'),(723,81,3,'menu_detail003.jpg'),(724,81,4,'menu_detail004.jpg'),(725,81,5,'menu_detail005.jpg'),(726,81,6,'menu_detail006.jpg'),(727,81,7,'menu_detail007.jpg'),(728,81,8,'menu_detail008.jpg'),(729,81,9,'menu_detail009.jpg'),(730,82,1,'menu_detail001.jpg'),(731,82,2,'menu_detail002.jpg'),(732,82,3,'menu_detail003.jpg'),(733,82,4,'menu_detail004.jpg'),(734,82,5,'menu_detail005.jpg'),(735,82,6,'menu_detail006.jpg'),(736,82,7,'menu_detail007.jpg'),(737,82,8,'menu_detail008.jpg'),(738,82,9,'menu_detail009.jpg'),(739,83,1,'menu_detail001.jpg'),(740,83,2,'menu_detail002.jpg'),(741,83,3,'menu_detail003.jpg'),(742,83,4,'menu_detail004.jpg'),(743,83,5,'menu_detail005.jpg'),(744,83,6,'menu_detail006.jpg'),(745,83,7,'menu_detail007.jpg'),(746,83,8,'menu_detail008.jpg'),(747,83,9,'menu_detail009.jpg'),(748,84,1,'menu_detail001.jpg'),(749,84,2,'menu_detail002.jpg'),(750,84,3,'menu_detail003.jpg'),(751,84,4,'menu_detail004.jpg'),(752,84,5,'menu_detail005.jpg'),(753,84,6,'menu_detail006.jpg'),(754,84,7,'menu_detail007.jpg'),(755,84,8,'menu_detail008.jpg'),(756,84,9,'menu_detail009.jpg'),(757,85,1,'menu_detail001.jpg'),(758,85,2,'menu_detail002.jpg'),(759,85,3,'menu_detail003.jpg'),(760,85,4,'menu_detail004.jpg'),(761,85,5,'menu_detail005.jpg'),(762,85,6,'menu_detail006.jpg'),(763,85,7,'menu_detail007.jpg'),(764,85,8,'menu_detail008.jpg'),(765,85,9,'menu_detail009.jpg'),(766,86,1,'menu_detail001.jpg'),(767,86,2,'menu_detail002.jpg'),(768,86,3,'menu_detail003.jpg'),(769,86,4,'menu_detail004.jpg'),(770,86,5,'menu_detail005.jpg'),(771,86,6,'menu_detail006.jpg'),(772,86,7,'menu_detail007.jpg'),(773,86,8,'menu_detail008.jpg'),(774,86,9,'menu_detail009.jpg'),(775,87,1,'menu_detail001.jpg'),(776,87,2,'menu_detail002.jpg'),(777,87,3,'menu_detail003.jpg'),(778,87,4,'menu_detail004.jpg'),(779,87,5,'menu_detail005.jpg'),(780,87,6,'menu_detail006.jpg'),(781,87,7,'menu_detail007.jpg'),(782,87,8,'menu_detail008.jpg'),(783,87,9,'menu_detail009.jpg'),(784,88,1,'menu_detail001.jpg'),(785,88,2,'menu_detail002.jpg'),(786,88,3,'menu_detail003.jpg'),(787,88,4,'menu_detail004.jpg'),(788,88,5,'menu_detail005.jpg'),(789,88,6,'menu_detail006.jpg'),(790,88,7,'menu_detail007.jpg'),(791,88,8,'menu_detail008.jpg'),(792,88,9,'menu_detail009.jpg'),(793,89,1,'menu_detail001.jpg'),(794,89,2,'menu_detail002.jpg'),(795,89,3,'menu_detail003.jpg'),(796,89,4,'menu_detail004.jpg'),(797,89,5,'menu_detail005.jpg'),(798,89,6,'menu_detail006.jpg'),(799,89,7,'menu_detail007.jpg'),(800,89,8,'menu_detail008.jpg'),(801,89,9,'menu_detail009.jpg'),(802,90,1,'menu_detail001.jpg'),(803,90,2,'menu_detail002.jpg'),(804,90,3,'menu_detail003.jpg'),(805,90,4,'menu_detail004.jpg'),(806,90,5,'menu_detail005.jpg'),(807,90,6,'menu_detail006.jpg'),(808,90,7,'menu_detail007.jpg'),(809,90,8,'menu_detail008.jpg'),(810,90,9,'menu_detail009.jpg'),(811,91,1,'menu_detail001.jpg'),(812,91,2,'menu_detail002.jpg'),(813,91,3,'menu_detail003.jpg'),(814,91,4,'menu_detail004.jpg'),(815,91,5,'menu_detail005.jpg'),(816,91,6,'menu_detail006.jpg'),(817,91,7,'menu_detail007.jpg'),(818,91,8,'menu_detail008.jpg'),(819,91,9,'menu_detail009.jpg'),(820,92,1,'menu_detail001.jpg'),(821,92,2,'menu_detail002.jpg'),(822,92,3,'menu_detail003.jpg'),(823,92,4,'menu_detail004.jpg'),(824,92,5,'menu_detail005.jpg'),(825,92,6,'menu_detail006.jpg'),(826,92,7,'menu_detail007.jpg'),(827,92,8,'menu_detail008.jpg'),(828,92,9,'menu_detail009.jpg'),(829,93,1,'menu_detail001.jpg'),(830,93,2,'menu_detail002.jpg'),(831,93,3,'menu_detail003.jpg'),(832,93,4,'menu_detail004.jpg'),(833,93,5,'menu_detail005.jpg'),(834,93,6,'menu_detail006.jpg'),(835,93,7,'menu_detail007.jpg'),(836,93,8,'menu_detail008.jpg'),(837,93,9,'menu_detail009.jpg'),(838,94,1,'menu_detail001.jpg'),(839,94,2,'menu_detail002.jpg'),(840,94,3,'menu_detail003.jpg'),(841,94,4,'menu_detail004.jpg'),(842,94,5,'menu_detail005.jpg'),(843,94,6,'menu_detail006.jpg'),(844,94,7,'menu_detail007.jpg'),(845,94,8,'menu_detail008.jpg'),(846,94,9,'menu_detail009.jpg'),(847,95,1,'menu_detail001.jpg'),(848,95,2,'menu_detail002.jpg'),(849,95,3,'menu_detail003.jpg'),(850,95,4,'menu_detail004.jpg'),(851,95,5,'menu_detail005.jpg'),(852,95,6,'menu_detail006.jpg'),(853,95,7,'menu_detail007.jpg'),(854,95,8,'menu_detail008.jpg'),(855,95,9,'menu_detail009.jpg'),(856,96,1,'menu_detail001.jpg'),(857,96,2,'menu_detail002.jpg'),(858,96,3,'menu_detail003.jpg'),(859,96,4,'menu_detail004.jpg'),(860,96,5,'menu_detail005.jpg'),(861,96,6,'menu_detail006.jpg'),(862,96,7,'menu_detail007.jpg'),(863,96,8,'menu_detail008.jpg'),(864,96,9,'menu_detail009.jpg'),(865,97,1,'menu_detail001.jpg'),(866,97,2,'menu_detail002.jpg'),(867,97,3,'menu_detail003.jpg'),(868,97,4,'menu_detail004.jpg'),(869,97,5,'menu_detail005.jpg'),(870,97,6,'menu_detail006.jpg'),(871,97,7,'menu_detail007.jpg'),(872,97,8,'menu_detail008.jpg'),(873,97,9,'menu_detail009.jpg'),(874,98,1,'menu_detail001.jpg'),(875,98,2,'menu_detail002.jpg'),(876,98,3,'menu_detail003.jpg'),(877,98,4,'menu_detail004.jpg'),(878,98,5,'menu_detail005.jpg'),(879,98,6,'menu_detail006.jpg'),(880,98,7,'menu_detail007.jpg'),(881,98,8,'menu_detail008.jpg'),(882,98,9,'menu_detail009.jpg'),(883,99,1,'menu_detail001.jpg'),(884,99,2,'menu_detail002.jpg'),(885,99,3,'menu_detail003.jpg'),(886,99,4,'menu_detail004.jpg'),(887,99,5,'menu_detail005.jpg'),(888,99,6,'menu_detail006.jpg'),(889,99,7,'menu_detail007.jpg'),(890,99,8,'menu_detail008.jpg'),(891,99,9,'menu_detail009.jpg'),(892,100,1,'menu_detail001.jpg'),(893,100,2,'menu_detail002.jpg'),(894,100,3,'menu_detail003.jpg'),(895,100,4,'menu_detail004.jpg'),(896,100,5,'menu_detail005.jpg'),(897,100,6,'menu_detail006.jpg'),(898,100,7,'menu_detail007.jpg'),(899,100,8,'menu_detail008.jpg'),(900,100,9,'menu_detail009.jpg'),(901,101,1,'menu_detail001.jpg'),(902,101,2,'menu_detail002.jpg'),(903,101,3,'menu_detail003.jpg'),(904,101,4,'menu_detail004.jpg'),(905,101,5,'menu_detail005.jpg'),(906,101,6,'menu_detail006.jpg'),(907,101,7,'menu_detail007.jpg'),(908,101,8,'menu_detail008.jpg'),(909,101,9,'menu_detail009.jpg'),(910,102,1,'menu_detail001.jpg'),(911,102,2,'menu_detail002.jpg'),(912,102,3,'menu_detail003.jpg'),(913,102,4,'menu_detail004.jpg'),(914,102,5,'menu_detail005.jpg'),(915,102,6,'menu_detail006.jpg'),(916,102,7,'menu_detail007.jpg'),(917,102,8,'menu_detail008.jpg'),(918,102,9,'menu_detail009.jpg'),(919,103,1,'menu_detail001.jpg'),(920,103,2,'menu_detail002.jpg'),(921,103,3,'menu_detail003.jpg'),(922,103,4,'menu_detail004.jpg'),(923,103,5,'menu_detail005.jpg'),(924,103,6,'menu_detail006.jpg'),(925,103,7,'menu_detail007.jpg'),(926,103,8,'menu_detail008.jpg'),(927,103,9,'menu_detail009.jpg'),(928,104,1,'menu_detail001.jpg'),(929,104,2,'menu_detail002.jpg'),(930,104,3,'menu_detail003.jpg'),(931,104,4,'menu_detail004.jpg'),(932,104,5,'menu_detail005.jpg'),(933,104,6,'menu_detail006.jpg'),(934,104,7,'menu_detail007.jpg'),(935,104,8,'menu_detail008.jpg'),(936,104,9,'menu_detail009.jpg'),(937,105,1,'menu_detail001.jpg'),(938,105,2,'menu_detail002.jpg'),(939,105,3,'menu_detail003.jpg'),(940,105,4,'menu_detail004.jpg'),(941,105,5,'menu_detail005.jpg'),(942,105,6,'menu_detail006.jpg'),(943,105,7,'menu_detail007.jpg'),(944,105,8,'menu_detail008.jpg'),(945,105,9,'menu_detail009.jpg'),(946,106,1,'menu_detail001.jpg'),(947,106,2,'menu_detail002.jpg'),(948,106,3,'menu_detail003.jpg'),(949,106,4,'menu_detail004.jpg'),(950,106,5,'menu_detail005.jpg'),(951,106,6,'menu_detail006.jpg'),(952,106,7,'menu_detail007.jpg'),(953,106,8,'menu_detail008.jpg'),(954,106,9,'menu_detail009.jpg'),(955,107,1,'menu_detail001.jpg'),(956,107,2,'menu_detail002.jpg'),(957,107,3,'menu_detail003.jpg'),(958,107,4,'menu_detail004.jpg'),(959,107,5,'menu_detail005.jpg'),(960,107,6,'menu_detail006.jpg'),(961,107,7,'menu_detail007.jpg'),(962,107,8,'menu_detail008.jpg'),(963,107,9,'menu_detail009.jpg'),(964,108,1,'menu_detail001.jpg'),(965,108,2,'menu_detail002.jpg'),(966,108,3,'menu_detail003.jpg'),(967,108,4,'menu_detail004.jpg'),(968,108,5,'menu_detail005.jpg'),(969,108,6,'menu_detail006.jpg'),(970,108,7,'menu_detail007.jpg'),(971,108,8,'menu_detail008.jpg'),(972,108,9,'menu_detail009.jpg'),(973,109,1,'menu_detail001.jpg'),(974,109,2,'menu_detail002.jpg'),(975,109,3,'menu_detail003.jpg'),(976,109,4,'menu_detail004.jpg'),(977,109,5,'menu_detail005.jpg'),(978,109,6,'menu_detail006.jpg'),(979,109,7,'menu_detail007.jpg'),(980,109,8,'menu_detail008.jpg'),(981,109,9,'menu_detail009.jpg'),(982,110,1,'menu_detail001.jpg'),(983,110,2,'menu_detail002.jpg'),(984,110,3,'menu_detail003.jpg'),(985,110,4,'menu_detail004.jpg'),(986,110,5,'menu_detail005.jpg'),(987,110,6,'menu_detail006.jpg'),(988,110,7,'menu_detail007.jpg'),(989,110,8,'menu_detail008.jpg'),(990,110,9,'menu_detail009.jpg'),(991,111,1,'menu_detail001.jpg'),(992,111,2,'menu_detail002.jpg'),(993,111,3,'menu_detail003.jpg'),(994,111,4,'menu_detail004.jpg'),(995,111,5,'menu_detail005.jpg'),(996,111,6,'menu_detail006.jpg'),(997,111,7,'menu_detail007.jpg'),(998,111,8,'menu_detail008.jpg'),(999,111,9,'menu_detail009.jpg'),(1000,112,1,'menu_detail001.jpg'),(1001,112,2,'menu_detail002.jpg'),(1002,112,3,'menu_detail003.jpg'),(1003,112,4,'menu_detail004.jpg'),(1004,112,5,'menu_detail005.jpg'),(1005,112,6,'menu_detail006.jpg'),(1006,112,7,'menu_detail007.jpg'),(1007,112,8,'menu_detail008.jpg'),(1008,112,9,'menu_detail009.jpg'),(1009,113,1,'menu_detail001.jpg'),(1010,113,2,'menu_detail002.jpg'),(1011,113,3,'menu_detail003.jpg'),(1012,113,4,'menu_detail004.jpg'),(1013,113,5,'menu_detail005.jpg'),(1014,113,6,'menu_detail006.jpg'),(1015,113,7,'menu_detail007.jpg'),(1016,113,8,'menu_detail008.jpg'),(1017,113,9,'menu_detail009.jpg'),(1018,114,1,'menu_detail001.jpg'),(1019,114,2,'menu_detail002.jpg'),(1020,114,3,'menu_detail003.jpg'),(1021,114,4,'menu_detail004.jpg'),(1022,114,5,'menu_detail005.jpg'),(1023,114,6,'menu_detail006.jpg'),(1024,114,7,'menu_detail007.jpg'),(1025,114,8,'menu_detail008.jpg'),(1026,114,9,'menu_detail009.jpg'),(1027,115,1,'menu_detail001.jpg'),(1028,115,2,'menu_detail002.jpg'),(1029,115,3,'menu_detail003.jpg'),(1030,115,4,'menu_detail004.jpg'),(1031,115,5,'menu_detail005.jpg'),(1032,115,6,'menu_detail006.jpg'),(1033,115,7,'menu_detail007.jpg'),(1034,115,8,'menu_detail008.jpg'),(1035,115,9,'menu_detail009.jpg'),(1036,116,1,'menu_detail001.jpg'),(1037,116,2,'menu_detail002.jpg'),(1038,116,3,'menu_detail003.jpg'),(1039,116,4,'menu_detail004.jpg'),(1040,116,5,'menu_detail005.jpg'),(1041,116,6,'menu_detail006.jpg'),(1042,116,7,'menu_detail007.jpg'),(1043,116,8,'menu_detail008.jpg'),(1044,116,9,'menu_detail009.jpg'),(1045,117,1,'menu_detail001.jpg'),(1046,117,2,'menu_detail002.jpg'),(1047,117,3,'menu_detail003.jpg'),(1048,117,4,'menu_detail004.jpg'),(1049,117,5,'menu_detail005.jpg'),(1050,117,6,'menu_detail006.jpg'),(1051,117,7,'menu_detail007.jpg'),(1052,117,8,'menu_detail008.jpg'),(1053,117,9,'menu_detail009.jpg');
/*!40000 ALTER TABLE `menu_detail` ENABLE KEYS */;
UNLOCK TABLES;

--
-- Table structure for table `mileage_history`
--

DROP TABLE IF EXISTS `mileage_history`;
/*!40101 SET @saved_cs_client     = @@character_set_client */;
/*!50503 SET character_set_client = utf8mb4 */;
CREATE TABLE `mileage_history` (
  `mileage_history_id` int NOT NULL AUTO_INCREMENT,
  `user_id` varchar(40) NOT NULL,
  `mileage_date` date NOT NULL,
  `accumulate_mileage` int NOT NULL DEFAULT '0',
  `use_mileage` int NOT NULL DEFAULT '0',
  `description` varchar(200) DEFAULT NULL,
  PRIMARY KEY (`mileage_history_id`)
) ENGINE=InnoDB AUTO_INCREMENT=14 DEFAULT CHARSET=utf8mb4 COLLATE=utf8mb4_0900_ai_ci;
/*!40101 SET character_set_client = @saved_cs_client */;

--
-- Dumping data for table `mileage_history`
--

LOCK TABLES `mileage_history` WRITE;
/*!40000 ALTER TABLE `mileage_history` DISABLE KEYS */;
INSERT INTO `mileage_history` VALUES (1,'root1','2024-03-22',518,0,'상품 구매'),(2,'root1','2024-03-22',270,0,'상품 구매'),(3,'root1','2024-03-22',118,0,'상품 구매'),(4,'root1','2024-03-22',98,0,'상품 구매'),(5,'root1','2024-03-22',0,500,'상품 구매에 사용'),(6,'root1','2024-03-22',118,0,'상품 구매'),(7,'root1','2024-03-22',110,0,'상품 구매'),(8,'root1','2024-03-22',0,111,'상품 구매에 사용'),(9,'root1','2024-03-22',110,0,'상품 구매'),(10,'root1','2024-03-22',0,111,'상품 구매에 사용'),(11,'root1','2024-03-23',550,0,'상품 구매'),(12,'root','2024-03-26',380,0,'상품 구매'),(13,'root','2024-03-26',190,0,'상품 구매');
/*!40000 ALTER TABLE `mileage_history` ENABLE KEYS */;
UNLOCK TABLES;

--
-- Table structure for table `order_payment`
--

DROP TABLE IF EXISTS `order_payment`;
/*!40101 SET @saved_cs_client     = @@character_set_client */;
/*!50503 SET character_set_client = utf8mb4 */;
CREATE TABLE `order_payment` (
  `order_id` int NOT NULL AUTO_INCREMENT,
  `user_id` varchar(40) NOT NULL,
  `menu_id` int NOT NULL,
  `count` int NOT NULL,
  `amount_price` int NOT NULL,
  `delivery_complete` tinyint(1) NOT NULL DEFAULT '0',
  PRIMARY KEY (`order_id`)
) ENGINE=InnoDB AUTO_INCREMENT=52 DEFAULT CHARSET=utf8mb4 COLLATE=utf8mb4_0900_ai_ci;
/*!40101 SET character_set_client = @saved_cs_client */;

--
-- Dumping data for table `order_payment`
--

LOCK TABLES `order_payment` WRITE;
/*!40000 ALTER TABLE `order_payment` DISABLE KEYS */;
INSERT INTO `order_payment` VALUES (1,'root1',66,1,5900,0),(2,'root1',24,1,5900,0),(3,'root1',8,1,4800,0),(4,'root1',8,1,4800,0),(5,'root1',2,1,9500,0),(6,'root1',2,1,9500,0),(7,'root1',27,1,13500,0),(8,'root1',27,1,13500,0),(9,'root1',109,1,6500,0),(10,'root1',16,1,6900,0),(11,'root1',16,1,6900,0),(12,'root1',16,1,6900,0),(13,'root1',16,1,6900,0),(14,'root1',16,1,6900,0),(15,'root1',2,1,9500,0),(16,'root1',8,1,4800,0),(17,'root1',17,1,6800,0),(18,'root1',28,1,13500,0),(19,'root1',23,1,5900,0),(20,'root1',23,1,5900,0),(21,'root1',23,1,5900,0),(22,'root1',111,1,5500,0),(23,'root1',29,1,13500,0),(24,'root1',29,1,13500,0),(25,'root1',28,1,13500,0),(26,'root1',3,5,27500,0),(27,'root1',28,12,162000,0),(28,'root1',28,18,243000,0),(29,'root1',29,1,13500,0),(30,'root1',8,1,4800,0),(31,'root1',110,1,7500,0),(32,'root1',110,1,7500,0),(33,'root1',8,1,4800,0),(34,'root1',8,1,4800,0),(35,'root1',8,1,4800,0),(36,'root1',50,1,6500,0),(37,'root1',3,1,5500,0),(38,'root1',3,1,5500,0),(39,'root1',8,1,4800,0),(40,'root1',8,1,4800,0),(41,'root1',117,1,25900,0),(42,'root1',28,1,13500,0),(43,'root1',23,1,5900,0),(44,'root1',22,1,4900,0),(45,'root1',23,1,5900,0),(46,'root1',112,1,5500,0),(47,'root1',112,1,5500,0),(48,'root1',111,5,27500,0),(49,'root',111,1,5500,0),(50,'root',29,1,13500,0),(51,'root',2,1,9500,0);
/*!40000 ALTER TABLE `order_payment` ENABLE KEYS */;
UNLOCK TABLES;

--
-- Table structure for table `sessions`
--

DROP TABLE IF EXISTS `sessions`;
/*!40101 SET @saved_cs_client     = @@character_set_client */;
/*!50503 SET character_set_client = utf8mb4 */;
CREATE TABLE `sessions` (
  `session_id` varchar(128) CHARACTER SET utf8mb4 COLLATE utf8mb4_bin NOT NULL,
  `expires` int unsigned NOT NULL,
  `data` mediumtext CHARACTER SET utf8mb4 COLLATE utf8mb4_bin,
  PRIMARY KEY (`session_id`)
) ENGINE=InnoDB DEFAULT CHARSET=utf8mb3;
/*!40101 SET character_set_client = @saved_cs_client */;

--
-- Dumping data for table `sessions`
--

LOCK TABLES `sessions` WRITE;
/*!40000 ALTER TABLE `sessions` DISABLE KEYS */;
INSERT INTO `sessions` VALUES ('PTxh_o2wPKeRWhrUTjg2CjoXnULDh6QA',1711467235,'{\"cookie\":{\"originalMaxAge\":7200000,\"expires\":\"2024-03-26T15:33:55.104Z\",\"secure\":false,\"httpOnly\":false,\"path\":\"/\"},\"passport\":{\"user\":\"root\"}}');
/*!40000 ALTER TABLE `sessions` ENABLE KEYS */;
UNLOCK TABLES;

--
-- Table structure for table `wishlist`
--

DROP TABLE IF EXISTS `wishlist`;
/*!40101 SET @saved_cs_client     = @@character_set_client */;
/*!50503 SET character_set_client = utf8mb4 */;
CREATE TABLE `wishlist` (
  `wishlist_id` int NOT NULL AUTO_INCREMENT,
  `user_id` varchar(40) NOT NULL,
  `menu_id` int NOT NULL,
  PRIMARY KEY (`wishlist_id`)
) ENGINE=InnoDB AUTO_INCREMENT=13 DEFAULT CHARSET=utf8mb4 COLLATE=utf8mb4_0900_ai_ci;
/*!40101 SET character_set_client = @saved_cs_client */;

--
-- Dumping data for table `wishlist`
--

LOCK TABLES `wishlist` WRITE;
/*!40000 ALTER TABLE `wishlist` DISABLE KEYS */;
INSERT INTO `wishlist` VALUES (1,'root',23),(2,'root',29),(3,'root',17),(4,'root',13),(5,'root',4),(6,'root',18),(7,'root',8),(8,'root',86),(12,'root',8);
/*!40000 ALTER TABLE `wishlist` ENABLE KEYS */;
UNLOCK TABLES;
/*!40103 SET TIME_ZONE=@OLD_TIME_ZONE */;

/*!40101 SET SQL_MODE=@OLD_SQL_MODE */;
/*!40014 SET FOREIGN_KEY_CHECKS=@OLD_FOREIGN_KEY_CHECKS */;
/*!40014 SET UNIQUE_CHECKS=@OLD_UNIQUE_CHECKS */;
/*!40101 SET CHARACTER_SET_CLIENT=@OLD_CHARACTER_SET_CLIENT */;
/*!40101 SET CHARACTER_SET_RESULTS=@OLD_CHARACTER_SET_RESULTS */;
/*!40101 SET COLLATION_CONNECTION=@OLD_COLLATION_CONNECTION */;
/*!40111 SET SQL_NOTES=@OLD_SQL_NOTES */;

-- Dump completed on 2024-03-31 12:47:30
